species,elevation_only
Temperature,0.7899463993630814
Moisture,0.08971312173969725
Reaction,0.07523827814467554
Nutrients,0.3806687631812995
sp_richness,0.3252805028716531
trait_height,0.6929507841324032
trait_sla,0.1522360473665305
trait_N,0.09238940127229422
trait_suc,0.2780801430031964
Shannon,0.2820481851472849
